SELECT * FROM CUSTOMER;

INSERT INTO CUSTOMER VALUES('CRN12345','2/48 TANGARON CLOSE,LANGHAM','samona.harry@gmail.com','Samona Harry',0457892654);
INSERT INTO CUSTOMER VALUES('CRN13445','146 KURALOO DRIVE EDMONTON','kegiys.grila@gmail.com','Grila Kegiys',0497892230);
INSERT INTO CUSTOMER VALUES('CRN34345','1/67 ENTREE CIRCUIT MELLBOE','dona.dellin@gmail.com','Dona Dillen',0457222654);

insert into customer_account values('585309209','SGSAVINGS726','SAVINGS',84327.51,CURRENT_TIMESTAMP,'SGD','CRN12345');
insert into customer_account values('791066619','AUSAVINGS933','SAVINGS',88000.45,CURRENT_TIMESTAMP,'AUD','CRN12345');
insert into customer_account values('321143048','AUCURRENT334','CURRENT',38078.80,CURRENT_TIMESTAMP,'AUD','CRN12345');
insert into customer_account values('221145048','AUCURRENT004','CURRENT',12078.80,CURRENT_TIMESTAMP,'AUD','CRN13445');
insert into customer_account values('821143048','AUSAVINGS104','SAVINGS',99078.80,CURRENT_TIMESTAMP,'AUD','CRN13445');
insert into customer_account values('666143048','INRSAVINGS774','SAVINGS',100000.45,CURRENT_TIMESTAMP,'INR','CRN34345');

INSERT INTO TRANSACTION VALUES('2331',189.09,'TEST',CURRENT_TIMESTAMP,'DEBIT',585309209);
INSERT INTO TRANSACTION VALUES('2332',112.09,'TEST',CURRENT_TIMESTAMP,'CREDIT',585309209);
INSERT INTO TRANSACTION VALUES('2333',8209.00,'TEST',CURRENT_TIMESTAMP,'DEBIT',791066619);
INSERT INTO TRANSACTION VALUES('2334',3827.00,'TEST',CURRENT_TIMESTAMP,'DEBIT',791066619);
INSERT INTO TRANSACTION VALUES('2335',5987.05,'TEST',CURRENT_TIMESTAMP,'CREDIT',791066619);
INSERT INTO TRANSACTION VALUES('2336',686.09,'TEST',CURRENT_TIMESTAMP,'DEBIT',791066619);
INSERT INTO TRANSACTION VALUES('2337',765.87,'TEST',CURRENT_TIMESTAMP,'DEBIT',321143048);
INSERT INTO TRANSACTION VALUES('2338',34434.66,'TEST',CURRENT_TIMESTAMP,'DEBIT',666143048);
INSERT INTO TRANSACTION VALUES('2339',76578.08,'TEST',CURRENT_TIMESTAMP,'CREDIT',666143048);
INSERT INTO TRANSACTION VALUES('2343',6758.99,'TEST',CURRENT_TIMESTAMP,'DEBIT',666143048);
INSERT INTO TRANSACTION VALUES('2384',54767.99,'TEST',CURRENT_TIMESTAMP,'DEBIT',821143048);
INSERT INTO TRANSACTION VALUES('2385',7655.00,'TEST',CURRENT_TIMESTAMP,'CREDIT',821143048);
INSERT INTO TRANSACTION VALUES('2396',75785.90,'TEST',CURRENT_TIMESTAMP,'DEBIT',221145048);
INSERT INTO TRANSACTION VALUES('2387',5644.00,'TEST',CURRENT_TIMESTAMP,'CREDIT',221145048);